{
  "timestamp": "2026-07-05T02:12:04.005251",
  "n_features": 89,
  "feature_importance": {
    "open": 3.237471580505371,
    "high": 2.8619697093963623,
    "low": 3.932851791381836,
    "close": 3.7858424186706543,
    "volume": 2.9629085063934326,
    "30m_open": 3.1466424465179443,
    "30m_high": 3.077914237976074,
    "30m_low": 4.821937561035156,
    "30m_close": 3.8226869106292725,
    "30m_volume": 3.640707492828369,
    "1h_open": 3.6662356853485107,
    "1h_high": 4.921078681945801,
    "1h_low": 3.052060604095459,
    "1h_close": 2.2455501556396484,
    "1h_volume": 3.7198891639709473,
    "VWAPd_4": 4.663331508636475,
    "VWAPd_16": 4.842128276824951,
    "VWAPd_96": 6.03313684463501,
    "CVD_4": 4.297320365905762,
    "CVD_16": 3.454017400741577,
    "CVD_96": 3.262591600418091,
    "Imbal_4": 4.087327480316162,
    "Imbal_16": 3.115234136581421,
    "Imbal_96": 3.549356460571289,
    "Wick_4": 3.202162027359009,
    "Wick_16": 3.97460675239563,
    "Wick_96": 3.5732104778289795,
    "Ret_4": 5.177589416503906,
    "Std_4": 3.4250400066375732,
    "Ret_16": 4.230283260345459,
    "Std_16": 3.742568254470825,
    "Ret_96": 5.182924270629883,
    "Std_96": 4.170295238494873,
    "session_london": 3.0257012844085693,
    "session_ny": 2.5109856128692627,
    "session_overlap": 2.641299247741699,
    "fvg_bullish_count": 4.06587553024292,
    "fvg_bearish_count": 3.301377534866333,
    "bos_bullish": 3.0845556259155273,
    "distance_from_swing_high": 4.250042915344238,
    "distance_from_swing_low": 4.9420366287231445,
    "bos_bullish_count": 4.632563591003418,
    "bos_bearish_count": 5.138197422027588,
    "sweep_strength": 3.14813494682312,
    "liquidity_sweep_count": 2.930192708969116,
    "order_block_strength": 3.1649670600891113,
    "order_block_count": 3.0284998416900635,
    "premium_discount_position": 4.77109432220459,
    "in_premium": 5.062685012817383,
    "distance_from_equilibrium": 4.915532112121582,
    "higher_high": 12.606500625610352,
    "lower_high": 8.841952323913574,
    "lower_low": 10.431211471557617,
    "bullish_structure": 3.7074332237243652,
    "bearish_structure": 4.460548400878906,
    "htf_30m_trend": 6.908458709716797,
    "htf_30m_atr": 3.5904324054718018,
    "htf_30m_rsi": 4.303772449493408,
    "htf_30m_dist_high": 4.852803707122803,
    "htf_30m_dist_low": 3.858689308166504,
    "htf_30m_momentum": 3.9336791038513184,
    "htf_1h_trend": 3.795311450958252,
    "htf_1h_atr": 3.7049500942230225,
    "htf_1h_rsi": 4.036118507385254,
    "htf_1h_dist_high": 9.19541072845459,
    "htf_1h_dist_low": 5.2646942138671875,
    "htf_1h_momentum": 3.6523678302764893,
    "cvd_15m": 3.8025991916656494,
    "cvd_15m_slope": 3.7729125022888184,
    "cvd_30m": 3.0334744453430176,
    "cvd_30m_slope": 3.910461187362671,
    "adx_14": 3.9156622886657715,
    "adx_trending": 4.9559502601623535,
    "atr_14": 3.4088973999023438,
    "trend_ema_cross": 3.1087143421173096,
    "trend_price_vs_ema": 6.8922882080078125,
    "trend_adx": 4.389773845672607,
    "trend_strength": 4.340989589691162
  },
  "zero_importance_features": [
    "session_asia",
    "fvg_bullish",
    "fvg_bearish",
    "fvg_size",
    "bos_bearish",
    "liquidity_sweep_high",
    "liquidity_sweep_low",
    "order_block_bullish",
    "order_block_bearish",
    "in_discount",
    "higher_low"
  ]
}