{
  "n_estimators": 283,
  "max_depth": 4,
  "lr": 0.07595646763019108,
  "sub": 0.9214291002758083,
  "col": 0.4237907787319176,
  "mcw": 11,
  "gamma": 0.9232191979896444,
  "alpha": 1.925127652776267,
  "lambda": 0.43381544744467115,
  "objective": "binary:logistic",
  "eval_metric": "logloss",
  "random_state": 42,
  "verbosity": 0
}