{
  "baseline": {
    "timestamp": "2026-07-05T02:12:04.005251",
    "n_features": 89,
    "feature_importance": {
      "open": 3.237471580505371,
      "high": 2.8619697093963623,
      "low": 3.932851791381836,
      "close": 3.7858424186706543,
      "volume": 2.9629085063934326,
      "30m_open": 3.1466424465179443,
      "30m_high": 3.077914237976074,
      "30m_low": 4.821937561035156,
      "30m_close": 3.8226869106292725,
      "30m_volume": 3.640707492828369,
      "1h_open": 3.6662356853485107,
      "1h_high": 4.921078681945801,
      "1h_low": 3.052060604095459,
      "1h_close": 2.2455501556396484,
      "1h_volume": 3.7198891639709473,
      "VWAPd_4": 4.663331508636475,
      "VWAPd_16": 4.842128276824951,
      "VWAPd_96": 6.03313684463501,
      "CVD_4": 4.297320365905762,
      "CVD_16": 3.454017400741577,
      "CVD_96": 3.262591600418091,
      "Imbal_4": 4.087327480316162,
      "Imbal_16": 3.115234136581421,
      "Imbal_96": 3.549356460571289,
      "Wick_4": 3.202162027359009,
      "Wick_16": 3.97460675239563,
      "Wick_96": 3.5732104778289795,
      "Ret_4": 5.177589416503906,
      "Std_4": 3.4250400066375732,
      "Ret_16": 4.230283260345459,
      "Std_16": 3.742568254470825,
      "Ret_96": 5.182924270629883,
      "Std_96": 4.170295238494873,
      "session_london": 3.0257012844085693,
      "session_ny": 2.5109856128692627,
      "session_overlap": 2.641299247741699,
      "fvg_bullish_count": 4.06587553024292,
      "fvg_bearish_count": 3.301377534866333,
      "bos_bullish": 3.0845556259155273,
      "distance_from_swing_high": 4.250042915344238,
      "distance_from_swing_low": 4.9420366287231445,
      "bos_bullish_count": 4.632563591003418,
      "bos_bearish_count": 5.138197422027588,
      "sweep_strength": 3.14813494682312,
      "liquidity_sweep_count": 2.930192708969116,
      "order_block_strength": 3.1649670600891113,
      "order_block_count": 3.0284998416900635,
      "premium_discount_position": 4.77109432220459,
      "in_premium": 5.062685012817383,
      "distance_from_equilibrium": 4.915532112121582,
      "higher_high": 12.606500625610352,
      "lower_high": 8.841952323913574,
      "lower_low": 10.431211471557617,
      "bullish_structure": 3.7074332237243652,
      "bearish_structure": 4.460548400878906,
      "htf_30m_trend": 6.908458709716797,
      "htf_30m_atr": 3.5904324054718018,
      "htf_30m_rsi": 4.303772449493408,
      "htf_30m_dist_high": 4.852803707122803,
      "htf_30m_dist_low": 3.858689308166504,
      "htf_30m_momentum": 3.9336791038513184,
      "htf_1h_trend": 3.795311450958252,
      "htf_1h_atr": 3.7049500942230225,
      "htf_1h_rsi": 4.036118507385254,
      "htf_1h_dist_high": 9.19541072845459,
      "htf_1h_dist_low": 5.2646942138671875,
      "htf_1h_momentum": 3.6523678302764893,
      "cvd_15m": 3.8025991916656494,
      "cvd_15m_slope": 3.7729125022888184,
      "cvd_30m": 3.0334744453430176,
      "cvd_30m_slope": 3.910461187362671,
      "adx_14": 3.9156622886657715,
      "adx_trending": 4.9559502601623535,
      "atr_14": 3.4088973999023438,
      "trend_ema_cross": 3.1087143421173096,
      "trend_price_vs_ema": 6.8922882080078125,
      "trend_adx": 4.389773845672607,
      "trend_strength": 4.340989589691162
    },
    "zero_importance_features": [
      "session_asia",
      "fvg_bullish",
      "fvg_bearish",
      "fvg_size",
      "bos_bearish",
      "liquidity_sweep_high",
      "liquidity_sweep_low",
      "order_block_bullish",
      "order_block_bearish",
      "in_discount",
      "higher_low"
    ]
  },
  "new_features": [
    "open",
    "high",
    "low",
    "close",
    "volume",
    "30m_open",
    "30m_high",
    "30m_low",
    "30m_close",
    "30m_volume",
    "1h_open",
    "1h_high",
    "1h_low",
    "1h_close",
    "1h_volume",
    "VWAPd_4",
    "VWAPd_16",
    "VWAPd_96",
    "CVD_4",
    "CVD_16",
    "CVD_96",
    "Imbal_4",
    "Imbal_16",
    "Imbal_96",
    "Wick_4",
    "Wick_16",
    "Wick_96",
    "Ret_4",
    "Std_4",
    "Ret_16",
    "Std_16",
    "Ret_96",
    "Std_96",
    "session_asia",
    "session_london",
    "session_ny",
    "session_overlap",
    "fvg_size",
    "fvg_bullish_count",
    "fvg_bearish_count",
    "distance_from_swing_high",
    "distance_from_swing_low",
    "bos_bullish_count",
    "bos_bearish_count",
    "sweep_strength",
    "liquidity_sweep_count",
    "order_block_strength",
    "order_block_count",
    "premium_discount_position",
    "distance_from_equilibrium",
    "higher_high",
    "higher_low",
    "lower_high",
    "lower_low",
    "htf_30m_trend",
    "htf_30m_atr",
    "htf_30m_rsi",
    "htf_30m_dist_high",
    "htf_30m_dist_low",
    "htf_30m_momentum",
    "htf_1h_trend",
    "htf_1h_atr",
    "htf_1h_rsi",
    "htf_1h_dist_high",
    "htf_1h_dist_low",
    "htf_1h_momentum",
    "cvd_15m",
    "cvd_15m_slope",
    "cvd_30m",
    "cvd_30m_slope",
    "adx_14",
    "adx_trending",
    "atr_14",
    "trend_ema_cross",
    "trend_price_vs_ema",
    "trend_adx",
    "trend_strength",
    "fvg_signal",
    "order_block_signal",
    "liquidity_sweep_signal",
    "bos_signal",
    "structure_signal",
    "zone_signal",
    "bos_bullish_count_10",
    "bos_bullish_count_20",
    "bos_bullish_count_50",
    "bars_since_bos_bullish",
    "bos_bearish_count_10",
    "bos_bearish_count_20",
    "bos_bearish_count_50",
    "bars_since_bos_bearish",
    "liquidity_sweep_high_count_10",
    "liquidity_sweep_high_count_20",
    "liquidity_sweep_high_count_50",
    "liquidity_sweep_low_count_10",
    "liquidity_sweep_low_count_20",
    "liquidity_sweep_low_count_50",
    "higher_low_count_10",
    "higher_low_count_20",
    "higher_low_count_50",
    "bars_since_higher_low",
    "lower_high_count_10",
    "lower_high_count_20",
    "lower_high_count_50",
    "bars_since_lower_high"
  ],
  "n_features": 105,
  "fold_results": [
    {
      "fold": 1,
      "train_start": "2025-10-09",
      "train_end": "2025-12-09",
      "test_start": "2025-12-09",
      "test_end": "2026-01-09",
      "train_rows": 4263,
      "test_rows": 2099,
      "n_trades": 8,
      "win_rate": 1.0,
      "total_return_usd": 180.89941140863095,
      "total_return_pct": 3.6179882281726186,
      "profit_factor": 0,
      "sharpe_ratio": 26.736219966911904,
      "sortino_ratio": 0,
      "max_drawdown_usd": 0.0,
      "tp_hits": 7,
      "sl_hits": 0,
      "avg_bars_held": 8.875
    },
    {
      "fold": 2,
      "train_start": "2025-11-09",
      "train_end": "2026-01-09",
      "test_start": "2026-01-09",
      "test_end": "2026-02-09",
      "train_rows": 4211,
      "test_rows": 2096
    },
    {
      "fold": 3,
      "train_start": "2025-12-09",
      "train_end": "2026-02-09",
      "test_start": "2026-02-09",
      "test_end": "2026-03-09",
      "train_rows": 4195,
      "test_rows": 1984,
      "n_trades": 58,
      "win_rate": 0.7068965517241379,
      "total_return_usd": 968.8431023192045,
      "total_return_pct": 19.376862046384087,
      "profit_factor": 1.3432325181796454,
      "sharpe_ratio": 8.274758490621652,
      "sortino_ratio": 21.488885886160624,
      "max_drawdown_usd": -187.58311731188496,
      "tp_hits": 32,
      "sl_hits": 16,
      "avg_bars_held": 9.03448275862069
    },
    {
      "fold": 4,
      "train_start": "2026-01-09",
      "train_end": "2026-03-09",
      "test_start": "2026-03-09",
      "test_end": "2026-04-09",
      "train_rows": 4080,
      "test_rows": 2176,
      "n_trades": 84,
      "win_rate": 0.5595238095238095,
      "total_return_usd": 874.9116240906374,
      "total_return_pct": 17.49823248181275,
      "profit_factor": 1.2395553423507883,
      "sharpe_ratio": 3.2298729568765623,
      "sortino_ratio": 11.910018058714591,
      "max_drawdown_usd": -611.4178523393141,
      "tp_hits": 28,
      "sl_hits": 34,
      "avg_bars_held": 12.214285714285714
    }
  ],
  "aggregated": {
    "win_rate": {
      "mean": 0.7554734537493157,