{
  "n_estimators": 398,
  "max_depth": 7,
  "lr": 0.011594909632885377,
  "sub": 0.7114254694249524,
  "col": 0.807940622631041,
  "mcw": 15,
  "gamma": 1.9813258824512945,
  "alpha": 1.4736428986790435,
  "lambda": 0.9573181050981021,
  "objective": "binary:logistic",
  "eval_metric": "logloss",
  "verbosity": 0
}